fichero,mensajes,media_ms,min_ms,max_ms,varianza,cumplen_200ms,porcentaje_200ms
latencias_prueba_A.csv,30,4.666666666666667,1.0,12.0,8.367816091954023,30,100.0
latencias_prueba_B.csv,750,7.121333333333333,1.0,38.0,26.574043613707165,750,100.0
latencias_prueba_C.csv,2999,9.244748249416473,0.0,50.0,39.02613568543306,2999,100.0
latencias_prueba_D_g1.csv,1500,7.8566666666666665,0.0,52.0,31.853357794084946,1500,100.0
latencias_prueba_D_g2.csv,1500,9.464,1.0,41.0,47.900637758505674,1500,100.0
